{
  "best_metric": null,
  "best_model_checkpoint": null,
  "epoch": 40.1965601965602,
  "global_step": 8160,
  "is_hyper_param_search": false,
  "is_local_process_zero": true,
  "is_world_process_zero": true,
  "log_history": [
    {
      "epoch": 10.05,
      "learning_rate": 9.318341531974701e-05,
      "loss": 0.3131,
      "step": 2040
    },
    {
      "epoch": 20.1,
      "learning_rate": 8.60154602951511e-05,
      "loss": 0.0614,
      "step": 4080
    },
    {
      "epoch": 30.15,
      "learning_rate": 7.884750527055517e-05,
      "loss": 0.0311,
      "step": 6120
    },
    {
      "epoch": 40.2,
      "learning_rate": 7.167955024595925e-05,
      "loss": 0.028,
      "step": 8160
    }
  ],
  "max_steps": 28420,
  "num_train_epochs": 140,
  "total_flos": 5.3294410579968e+16,
  "trial_name": null,
  "trial_params": null
}
